SMILES,boiling_point,nHBAcc,nHBDon,nRot,RotRatio,SLogP,SMR,MW,AMW,WPath,WPol,Zagreb1,Zagreb2,mZagreb1,mZagreb2
string,continuous,continuous,continuous,continuous,continuous,continuous,continuous,continuous,continuous,continuous,continuous,continuous,continuous,continuous,continuous
meta,,,,,,,,,,,,,,,
ClC1=CC=CC=N1,170,1,0,0,0,1.735,29.247,113.003,10.273,42,5,30,31,2.36111,1.66667
OC(=O)C(F)(F)F,73,1,1,0,0,0.6333,13.6908,113.993,14.2491,42,6,30,30,5.17361,1.5
ClCC(=O)OC(=O)CCl,203,3,0,2,0.25,0.5338,32.539,169.954,13.0734,100,8,34,34,4.97222,2.33333
FC1=C(F)C(F)=C(F)C(F)=C1F,80.2,0,0,0,0,2.5212,26.19,185.99,15.4992,174,21,60,72,6.66667,2.66667
C[Si](C)(CCl)C1=CC=CC=C1,225,0,0,2,0.181818,2.38,54.278,184.048,7.66865,150,14,52,58,4.67361,2.54167
OC(=O)C(F)(F)C(F)(F)C(F)(F)C(F)(F)C(F)(F)C(F)(F)F,177,1,1,5,0.238095,3.8098,38.4258,363.977,15.8251,882,51,120,150,15.4861,4.3125
FC(F)(F)CI,54.5,0,0,0,0,1.9837,24.942,209.915,26.2394,28,3,24,22,4.3125,1.375
OCC(F)(F)C(F)(F)C(F)(F)F,95,1,1,2,0.181818,1.8116,23.0348,200.007,13.3338,175,21,60,70,8.4375,2.5
CCOC(O)C(Cl)(Cl)Cl,115.5,2,1,2,0.25,1.7115,37.9228,191.951,11.9969,92,9,38,39,5.67361,2.08333
FC(F)(Cl)CCl,46.8,0,0,1,0.2,2.0568,21.52,133.95,16.7438,28,3,24,22,4.3125,1.375
ClCCS(Cl)(=O)=O,201.5,2,0,2,0.333333,0.7938,30.3598,161.931,14.721,46,4,28,26,4.5625,1.625
FC(F)(F)CBr,26,0,0,0,0,1.9436,19.849,161.929,20.2411,28,3,24,22,4.3125,1.375
FC(F)=CCl,-18.5,0,0,0,0,1.9631,16.152,97.9735,16.3289,18,2,16,14,3.36111,1.33333
CC(C)(CCl)C1=CC=CC=C1,223,0,0,2,0.181818,3.203,50.188,168.071,7.00294,150,14,52,58,4.67361,2.54167
FC(F)OCC(F)(F)F,29.3,1,0,2,0.25,1.7879,18.011,150.01,12.5009,98,6,38,36,5.67361,1.95833
CC1=C(Cl)C=CC=C1N(=O)=O,238,2,0,1,0.0909091,2.55662,42.8434,171.009,10.0593,146,15,52,59,5.19444,2.5
FC(Cl)(Cl)I,90,0,0,0,0,2.4798,29.565,227.841,45.5681,16,0,20,16,4.0625,1
FB(F)C1=CC=CC=C1,98,0,0,1,0.111111,1.3208,34.046,126.045,9.00323,88,9,40,43,3.47222,2.11111
ClCC(Cl)C=C,116,0,0,2,0.4,2.0186,30.558,123.985,10.3321,31,4,20,19,3.61111,1.66667
CCCCC(C)Cl,122.5,0,0,3,0.5,2.8039,34.84,120.071,6.00353,52,4,24,22,3.86111,1.83333
ClC1CCCC1,114,0,0,0,0,2.1678,28.109,104.039,6.93595,26,2,26,27,2.11111,1.41667
CCC(Cl)=O,80,1,0,1,0.25,1.1618,21.151,92.0029,9.20029,18,2,16,14,3.36111,1.33333
ClC(Cl)(Cl)C1CO1,149,1,0,0,0,1.7554,30.03,159.925,15.9925,41,6,36,40,3.67361,1.41667
CCF,-37.6,0,0,0,0,0.9758,11.649,48.0375,6.00469,4,0,6,4,2.25,1
ClC1=CC=C(Cl)C=C1,174,0,0,0,0,2.9934,36.462,145.969,12.1641,62,7,36,38,3.22222,1.83333
CCCCCCCCCl,181.5,0,0,6,0.75,3.5857,44.096,148.102,5.69623,120,6,30,28,3.75,2.5
CCC(Cl)(Cl)N(=O)=O,145,2,0,2,0.285714,1.8045,31.7224,156.97,12.0746,62,9,34,36,5.42361,1.875
FC1=C(F)C(F)=C(C(F)=C1F)S(Cl)(=O)=O,210.5,2,0,1,0.0666667,2.3096,39.2708,265.923,17.7282,318,27,78,93,8.72917,3.16667
NC1=C(N)C=C(Cl)C=C1,229.3,2,2,0,0,1.5044,40.2768,142.03,8.87686,84,10,42,46,4.08333,2.02778
ClC(Cl)=CBr,107.5,0,0,0,0,2.6578,28.716,173.864,28.9773,18,2,16,14,3.36111,1.33333
OC1=CC(Cl)=CC(Cl)=C1,233,1,1,0,0,2.699,38.1268,161.964,12.4588,84,9,42,45,4.08333,2
FC(F)(F)C(F)(I)C(F)(F)F,40,0,0,0,0,3.2118,29.969,295.893,26.8994,136,18,56,64,8.1875,2.125
OCC(F)(F)C(F)(F)F,82,1,1,1,0.125,1.1763,18.0878,150.01,12.5009,82,12,42,46,6.375,1.9375
FC(F)(F)C(F)(F)C(F)(F)C(F)(F)C(F)(F)C(F)(F)C(F)(F)F,82.5,0,0,4,0.181818,5.2875,36.845,387.974,16.8685,988,54,128,160,16.4375,4.375
OC1=C(Cl)C(Cl)=C(Cl)C(Cl)=C1Cl,310,1,1,0,0,4.6592,53.1568,263.847,20.2959,174,21,60,72,6.66667,2.66667
OC(=O)C(\F)=C\C1=CC=CC=C1,290,1,1,2,0.166667,2.0816,43.1628,166.043,8.73911,212,13,54,58,4.83333,2.77778
ClC1=C(C=CC=C1N(=O)=O)N(=O)=O,315,4,0,2,0.153846,2.1564,44.7608,201.978,12.6236,234,19,62,71,6.30556,2.94444
OC(=O)C(F)F,133,1,1,1,0.2,0.3361,13.6398,96.0023,12.0003,29,4,22,21,4.22222,1.44444
FC1=CC(F)=C(F)C(C=O)=C1F,178,1,0,1,0.0833333,2.0555,31.6615,178.004,12.7146,180,19,58,68,6.05556,2.77778
ClC(=O)C(Cl)=O,63.5,2,0,1,0.2,0.5172,21.72,125.928,20.9879,29,4,22,21,4.22222,1.44444
CCCCCCCF,117.9,0,0,5,0.714286,2.9263,34.734,118.116,5.13547,84,5,26,24,3.5,2.25
OC1=C(F)C=CC=C1,151.5,1,1,0,0,1.5313,28.0648,112.032,8.61788,60,8,36,39,3.22222,1.86111
CC(C)OC(Cl)=O,105,2,0,1,0.166667,1.7702,27.47,122.013,8.71525,48,4,26,24,4.47222,1.66667
C[Si](C)(C)OS(=O)(=O)C(F)(F)F,140,3,0,2,0.181818,1.6875,39.4058,221.999,10.5714,187,15,60,64,8.4375,2.3125
NC(=O)C(Cl)Cl,234,1,1,1,0.2,0.2754,24.6884,126.959,14.1066,29,4,22,21,4.22222,1.44444
FC(F)(Cl)C(Cl)(Cl)Cl,91.5,0,0,0,0,3.1882,31.09,201.872,25.234,58,9,38,40,6.125,1.5625
FC1(F)C(F)(F)C2(F)C(F)(C1(F)F)C(F)(F)C(F)(F)C(F)(F)C2(F)F,118,0,0,0,0,4.8773,42.307,411.974,16.479,1012,82,160,224,16.5625,4.625
ClC(Cl)(Cl)C=O,97.8,1,0,0,0,1.5555,26.354,145.909,20.8442,28,3,24,22,4.3125,1.375
OC1=CC(Cl)=C(O)C=C1,263,2,2,0,0,1.7512,34.7816,143.998,10.2856,84,10,42,46,4.08333,2.02778
ClCCC(Cl)=O,144,1,0,2,0.4,1.3807,26.197,125.964,12.5964,32,3,20,18,3.61111,1.58333
CCCCC(C(F)(F)F)(C(F)(F)F)C(F)(F)C(F)(F)C(F)(F)F,138,0,0,5,0.227273,6.1205,50.017,376.05,11.7516,956,50,122,150,15.125,4.6875
OC1=CC(Cl)=CC=C1,214,1,1,0,0,2.0456,33.1168,128.003,9.84638,61,7,36,38,3.22222,1.83333
COCCCCl,111,1,0,3,0.6,1.2617,27.213,108.034,7.20228,35,3,18,16,3,1.75
CCCCOC(=O)CCl,183,2,0,4,0.5,1.5685,36.587,150.045,7.50224,110,7,32,31,4.36111,2.41667
FC1=CC=CC(F)=N1,125,1,0,0,0,1.3598,24.153,115.023,10.4567,61,7,36,38,3.22222,1.83333
FC(Cl)C(F)(Cl)Cl,72.5,0,0,1,0.166667,2.6217,26.294,167.911,20.9889,42,6,30,30,5.17361,1.5
CF,-78.4,0,0,0,0,0.5857,7.032,34.0219,6.80438,1,0,2,1,2,1
ClCCC(Cl)(Cl)Cl,157,0,0,1,0.166667,2.9855,35.627,179.907,16.3552,46,4,28,26,4.5625,1.625
CCOC(=O)C(Cl)(Cl)C(C)=O,206,3,0,3,0.3,1.3124,41.751,197.985,10.4203,156,15,48,53,6.78472,2.58333
CCCCCCCCCCl,203.5,0,0,7,0.777778,3.9758,48.713,162.118,5.59026,165,7,34,32,4,2.75
CC(C)C(Cl)=O,92,1,0,1,0.2,1.4078,25.698,106.019,8.15527,29,4,22,21,4.22222,1.44444
FCC=C,-3,0,0,1,0.333333,1.1419,16.172,60.0375,6.67084,10,1,10,8,2.5,1.25
FCCl,-9.1,0,0,0,0,1.1522,11.828,67.9829,13.5966,4,0,6,4,2.25,1
FC1=CC=CC(=C1)N(=O)=O,199,2,0,1,0.1,1.7339,33.0544,141.023,10.073,117,11,46,50,4.33333,2.27778
OC(=O)C(F)(F)C(F)(F)C(F)(F)C(F)(F)C(F)(F)C(F)F,192,1,1,6,0.3,3.5126,38.3748,345.986,15.0429,784,48,112,140,14.5347,4.25
CCC(Cl)CCl,124.1,0,0,2,0.4,2.2426,30.652,126,9.00002,31,4,20,19,3.61111,1.66667
NC1=C(F)C(F)=CC(F)=C1F,158,1,1,0,0,1.8252,30.6864,165.02,11.7872,140,17,54,63,5.80556,2.44444
FC(F)(F)C(F)(F)C(F)(F)C(F)(F)C(F)(F)C(F)(F)I,118,0,0,4,0.210526,5.1177,44.81,445.884,22.2942,676,45,110,136,14.375,3.8125
CCOC(C(F)(F)F)(C(F)(F)F)C(F)(F)C(F)(F)C(F)(F)F,109,1,0,4,0.190476,4.7192,42.416,364.013,13.482,832,49,118,146,14.875,4.4375
FC(F)(F)C(F)(Cl)C(F)(Cl)C(F)(F)F,63,0,0,1,0.0769231,3.9202,31.494,269.925,19.2804,259,27,74,88,10.25,2.6875
CC(F)F,-24.7,0,0,0,0,1.2714,11.678,66.0281,8.25351,9,0,12,9,3.11111,1
FC1(F)C(F)(F)C(F)(Cl)C1(F)Cl,59.5,0,0,0,0,3.0798,29.278,231.928,19.3273,160,24,72,96,8.25,2.25
CC1=CC=C(C=C1Cl)N(=O)=O,260,2,0,1,0.0909091,2.55662,42.8434,171.009,10.0593,152,14,52,58,5.19444,2.47222
FC(F)(F)C1=CC(=CC=C1)C(F)(F)F,116,0,0,0,0,3.7242,36.446,214.022,11.8901,289,19,72,80,7.34722,2.83333
CC1=CC(=CC=C1Cl)N(=O)=O,249,2,0,1,0.0909091,2.55662,42.8434,171.009,10.0593,152,14,52,58,5.19444,2.47222
ClCCI,140,0,0,1,0.333333,1.6602,29.607,189.905,23.7381,10,1,10,8,2.5,1.25
ClC1=CC2=C(C=CC=C2)C(Cl)=C1,291,0,0,0,0,4.1466,53.968,195.985,10.888,179,17,62,72,3.94444,2.63889
FC(F)(F)C(=O)C1=CC=CC=C1,153,1,0,1,0.0833333,2.4316,36.8275,174.029,10.237,193,15,58,64,5.53472,2.61111
FC(F)(F)C(F)(F)C(F)(F)C(=O)OC(=O)C(F)(F)C(F)(F)C(F)(F)F,106.5,3,0,4,0.166667,3.722,42.997,409.962,16.3985,1416,52,134,162,16.8472,4.91667
FC(F)(F)C(\Cl)=C/Cl,53.7,0,0,0,0,2.8677,25.844,163.941,18.2156,63,8,34,35,5.42361,1.83333
FC(F)COC(F)F,55.3,1,0,3,0.428571,1.4907,17.96,132.02,11.0017,74,5,30,28,4.72222,1.91667
OS(=O)(=O)C(F)(F)F,166,2,1,0,0,0.394,17.6036,149.96,16.6622,58,9,38,40,6.125,1.5625
COC1=C(Cl)C=C(Cl)C=C1Cl,241,1,0,1,0.0909091,3.6554,48.024,209.941,13.1213,146,15,52,59,5.19444,2.55556
FC(F)=O,-84.5,1,0,0,0,1.0454,7.612,65.9917,16.4979,9,0,12,9,3.11111,1
CCCCCCCCCCCCCCCCCl,322,0,0,14,0.875,6.7065,81.032,260.227,5.20454,816,14,62,60,5.75,4.5
FC1=CC=C(C=O)C=C1,181.5,1,0,1,0.111111,1.6382,31.7875,124.032,8.85946,90,9,40,43,3.47222,2.16667
FCC(F)(F)C(F)F,26,0,0,2,0.285714,1.8563,16.926,134.015,12.1832,62,9,34,36,5.42361,1.875
CC(F)=C(Cl)Cl,78,0,0,0,0,2.6225,25.514,127.96,14.2177,29,4,22,21,4.22222,1.44444
OCC1=C(F)C(F)=C(F)C(F)=C1F,181,1,1,1,0.0769231,1.8744,32.1548,198.01,12.3757,220,23,64,77,6.91667,3
OCC(F)(F)C(F)C(F)(F)F,117,1,1,2,0.2,1.5144,22.9838,182.017,12.1344,146,15,52,57,7.48611,2.375
ClCC(Cl)C1=CC=CC=C1,233.5,0,0,2,0.2,3.2053,45.756,174,9.66668,121,11,44,48,3.72222,2.44444
CCCCOC(=O)C(Cl)Cl,193.5,2,0,4,0.444444,2.1334,41.361,184.006,9.20029,143,9,38,38,5.22222,2.52778
CC(OC1=CC=C(Cl)C=C1C)C(O)=O,298,2,1,3,0.214286,2.50032,53.9148,214.04,8.56159,316,18,66,73,6.55556,3.13889
ClCC(Cl)C(Cl)(Cl)Cl,179.5,0,0,1,0.142857,3.2028,40.651,213.868,19.4425,63,8,34,35,5.42361,1.83333
CC(=O)C1=CC=CC(Cl)=C1,244,1,0,1,0.1,2.5426,41.4565,154.019,9.05991,117,11,46,50,4.33333,2.27778
ClC(=O)OCC1=CC=CC=C1,152,2,0,2,0.181818,2.562,42.48,170.013,9.44519,174,10,48,50,3.97222,2.58333
CC(Cl)(Cl)C(Cl)Cl,153,0,0,1,0.166667,2.9839,35.605,179.907,16.3552,42,6,30,30,5.17361,1.5
CN(C)B(F)N(C)C,106,2,0,2,0.285714,0.064,34.236,118.108,5.90539,65,8,32,33,5.33333,1.88889
CC(C)C1=CC=C(Cl)C=C1,198.3,0,0,1,0.1,3.4634,45.541,154.055,7.33595,120,11,46,50,4.33333,2.27778
COC1=CC=C(C=C1)C(Cl)=O,262.5,2,0,2,0.181818,2.0742,43.1775,170.013,9.44519,162,13,50,55,4.58333,2.61111
ClC1=CC(Cl)=C(Cl)C=C1Cl,244.5,0,0,0,0,4.3002,46.482,213.891,17.8243,111,13,48,54,4.94444,2.22222
NC1=C(F)C=CC=C1,175,1,1,0,0,1.4079,30.8124,111.048,7.93203,60,8,36,39,3.22222,1.86111
COC(=O)C(F)(F)C(F)(F)F,59.5,2,0,1,0.1,1.357,23.018,178.005,12.7147,144,17,52,59,7.48611,2.39583
OCCCF,127.8,1,1,2,0.5,0.3383,17.6778,78.0481,6.50401,20,2,14,12,2.75,1.5
COP(=O)(OC)OC=C(Cl)Cl,234.1,4,0,4,0.4,2.6804,42.4985,219.946,12.2192,168,12,46,48,6.17361,2.70833
C[Si](C)(Cl)O[Si](C)(C)O[Si](C)(C)Cl,184,2,0,4,0.333333,3.6026,66.322,275.999,8.9032,248,12,64,64,8.6875,2.5
FC1=CC(F)=NC(F)=C1,94.5,1,0,0,0,1.4989,24.111,133.014,12.0922,84,9,42,45,4.08333,2
CC(Cl)C(O)=O,185,1,1,1,0.2,0.6983,22.9508,107.998,9.81798,29,4,22,21,4.22222,1.44444
ClC(Cl)(Cl)Cl,76.8,0,0,0,0,2.5529,26.143,151.875,30.3751,16,0,20,16,4.0625,1
CC(=O)C1=CC=CC(=C1)C(F)(F)F,199,1,0,1,0.0769231,2.908,41.4485,188.045,9.40224,240,17,64,71,6.39583,2.77778
CCC(F)=O,44,1,0,1,0.25,0.8925,16.406,76.0324,7.60324,18,2,16,14,3.36111,1.33333
NC1=CC(Cl)=C(Cl)C=C1Cl,270,1,1,0,0,3.229,45.8844,194.941,13.9244,111,13,48,54,4.94444,2.22222
FC(F)(F)C(=O)OC(=O)C(F)(F)F,39.5,3,0,0,0,1.1808,23.209,209.975,16.1519,252,16,62,66,8.59722,2.66667
FC1=C(F)C2=C(C(F)=C1F)C(F)=C(F)C(F)=C2F,209,0,0,0,0,3.9526,43.612,271.987,15.1104,505,38,98,123,9.11111,3.88889
ClCCCC=C,105,0,0,3,0.6,2.1914,30.151,104.039,6.93595,35,3,18,16,3,1.75
ClC(=C)C(Cl)=C,98,0,0,1,0.2,2.4914,29.986,121.969,12.1969,29,4,22,21,4.22222,1.44444
FC1=C(F)C(F)=C(C(Cl)=O)C(F)=C1F,158.5,1,0,1,0.0714286,2.7611,36.4155,229.956,16.4254,268,25,70,84,7.77778,3.11111
CC(C)(O)C(F)(F)F,81,1,1,0,0,1.3196,22.3528,128.045,8.53633,58,9,38,40,6.125,1.5625
FC(F)(F)C1=CC=CC(Cl)=C1,137.5,0,0,0,0,3.3588,36.454,179.995,11.9997,148,13,54,59,5.28472,2.33333
ClC1=CC=C(C=C1)C(Cl)(Cl)Cl,245,0,0,0,0,4.1667,50.689,227.907,15.1938,152,13,54,59,5.28472,2.33333
ClCC1=C(Cl)C=C(Cl)C(Cl)=C1,273,0,0,1,0.0909091,4.3856,51.029,227.907,15.1938,148,15,52,59,5.19444,2.55556
ClCC1=CC=C(Cl)C=C1,223,0,0,1,0.111111,3.0788,41.009,159.985,10.6656,90,9,40,43,3.47222,2.16667
FC(F)C(F)(F)CBr,74,0,0,2,0.285714,2.2817,24.745,193.935,17.6305,62,9,34,36,5.42361,1.875
CC(CCl)OC(C)CCl,187,1,0,4,0.5,2.2576,41.449,170.027,8.0965,100,8,34,34,4.97222,2.33333
CC1=CC=C(Cl)C(C)=C1,184,0,0,0,0,2.95684,40.926,140.039,7.77996,84,10,42,46,4.08333,2.02778
ClC(Cl)C(Cl)Cl,146.5,0,0,1,0.2,2.5938,30.988,165.891,20.7364,29,4,22,21,4.22222,1.44444
CCOC(Cl)CCl,145,1,0,3,0.5,1.8266,31.987,141.995,9.46635,50,5,24,23,3.86111,1.91667
CC1=CC(Cl)=NC(Cl)=N1,219,2,0,0,0,2.09182,36.789,161.975,12.4596,84,9,42,45,4.08333,2
FC(Br)C(F)(F)Br,76,0,0,1,0.166667,2.6646,27.697,239.84,29.98,42,6,30,30,5.17361,1.5
OC(=O)C1=CC=CC=C1Cl,287,1,1,1,0.1,2.0382,38.4113,155.998,10.3999,114,12,46,51,4.33333,2.30556
ClC1=CN=CC=N1,153.5,2,0,0,0,1.13,27.042,113.998,11.3998,42,5,30,31,2.36111,1.66667
CC(C)OC(=O)C(Cl)(Cl)Cl,175,2,0,1,0.111111,2.3082,41.518,203.951,11.9971,123,10,44,45,6.53472,2.16667
FCC(F)(F)F,-26,0,0,0,0,1.5182,12.03,102.009,12.7512,28,3,24,22,4.3125,1.375
ClC(C(Cl)(Cl)Cl)C(Cl)(Cl)Cl,249,0,0,0,0,4.3342,50.221,281.79,25.6173,111,12,48,51,7.23611,2
CC(=C)C(Cl)=O,96,1,0,1,0.2,1.3279,25.674,104.003,9.45481,29,4,22,21,4.22222,1.44444
ClC1=CC=C(Cl)S1,162,1,0,0,0,3.0549,34.339,151.925,16.8806,41,4,32,34,2.97222,1.58333
COC1=CC=C(C=C1)C(C1=CC=C(OC)C=C1)C(Cl)(Cl)Cl,346,2,0,4,0.181818,5.2059,88.121,344.014,9.55594,932,32,106,122,8.11806,4.72222
CC1=CC=C(Cl)C=C1N(=O)=O,242,2,0,1,0.0909091,2.55662,42.8434,171.009,10.0593,148,14,52,58,5.19444,2.47222
NC1=C(F)C(F)=C(F)C(F)=C1F,153,1,1,0,0,1.9643,30.6444,183.011,13.0722,174,21,60,72,6.66667,2.66667
OC(=O)C(Cl)=C(Cl)Cl,222,1,1,1,0.142857,1.9565,32.2208,173.904,19.3227,65,8,32,33,5.33333,1.88889
ClC(=O)C(Cl)(Cl)Cl,117.9,1,0,0,0,2.122,31.15,179.87,25.6958,42,6,30,30,5.17361,1.5
FC1=C(F)C(F)=C(C=O)C(F)=C1F,167,1,0,1,0.0769231,2.1946,31.6195,195.995,13.9996,220,23,64,77,6.91667,3
ClC(Cl)(Cl)Br,105,0,0,0,0,2.709,29.217,195.825,39.165,16,0,20,16,4.0625,1
C[Si](C)(Cl)CCl,115.5,0,0,1,0.2,2.2083,34.055,141.977,10.1412,28,3,24,22,4.3125,1.375
NC1=C(Cl)C=CC(Cl)=C1,251,1,1,0,0,2.5756,40.8744,160.98,11.4986,84,10,42,46,4.08333,2.02778
CCOC(=O)C(C)Cl,147,2,0,2,0.285714,1.1768,31.948,136.029,8.00171,70,7,30,30,4.72222,2.02778
FC(F)(Cl)C(F)(Cl)I,99,0,0,1,0.142857,3.1151,34.512,277.837,34.7297,58,9,38,40,6.125,1.5625
ClC1=CC(=CC=C1)C1=CC=CC(Cl)=C1,320,0,0,1,0.0666667,4.6604,61.898,222,10.0909,301,18,70,79,4.44444,3.11111
FC(F)(F)C(F)(F)C(F)(F)C(F)(F)F,-1.9,0,0,1,0.0769231,3.3816,22.004,237.984,16.9989,259,27,74,88,10.25,2.6875
FC1=C(F)C(F)=C(C#N)C(F)=C1F,162,1,0,0,0,2.25378,30.947,192.995,14.8458,220,23,64,77,6.91667,3
CC1=CC=C(C=C1)C(Cl)=O,226,1,0,1,0.1,2.37402,41.3625,154.019,9.05991,120,11,46,50,4.33333,2.27778
ClC(=O)C1=CC=C(Cl)C=C1,222,1,0,1,0.1,2.719,41.6355,173.964,12.426,120,11,46,50,4.33333,2.27778
FC(Cl)(Cl)C(Cl)(Cl)Cl,135,0,0,0,0,3.4575,35.835,217.843,27.2303,58,9,38,40,6.125,1.5625
COCC(F)F,48.5,1,0,2,0.4,0.8979,17.88,96.0387,8.00322,32,3,20,18,3.61111,1.58333
FC(F)(F)C1=NC(=NC(=N1)C(F)(F)F)C(F)(F)F,95.5,3,0,0,0,2.928,34.833,284.995,15.833,552,27,96,108,10.2708,3.5
NC1=C(C=CC=C1)C(F)(F)F,187,1,1,0,0,2.2876,35.8564,161.045,9.47325,144,14,54,60,5.28472,2.36111
CCOC(=O)C(F)Cl,129,2,0,2,0.285714,1.0839,27.382,140.004,10.0003,70,7,30,30,4.72222,2.02778
NC1=CC(Cl)=CC(Cl)=C1,261,1,1,0,0,2.5756,40.8744,160.98,11.4986,84,9,42,45,4.08333,2
CC1=CC(=C(Cl)C=C1)N(=O)=O,261,2,0,1,0.0909091,2.55662,42.8434,171.009,10.0593,148,14,52,58,5.19444,2.47222
FC1=CC=C(C=C1)N(=O)=O,205,2,0,1,0.1,1.7339,33.0544,141.023,10.073,120,11,46,50,4.33333,2.27778
FC=C(F)F,-51,0,0,0,0,1.6938,11.407,82.003,13.6672,18,2,16,14,3.36111,1.33333
CCCCCCC(C)Cl,172,0,0,5,0.625,3.5841,44.074,148.102,5.69623,114,6,32,30,4.36111,2.33333
CC1=CC=C(C=C1)B(F)F,128,0,0,1,0.1,1.62922,38.783,140.061,8.23888,120,11,46,50,4.33333,2.27778
ClC#C,-30,0,0,0,0,0.8159,14.686,59.9767,14.9942,4,0,6,4,2.25,1
FC1=CC=C(C=C1)C1=CC=CC=C1,253,0,0,1,0.0714286,3.4927,51.836,172.069,7.82131,252,16,64,72,3.58333,2.94444
CCC(Cl)=C,58.5,0,0,1,0.25,2.1489,25.284,90.0236,7.50197,18,2,16,14,3.36111,1.33333
ClCCN(=O)=O,173.5,2,0,2,0.4,0.5019,22.5814,108.993,10.8993,32,3,20,18,3.61111,1.58333
CCOC(=O)C1=CC=C(Cl)C=C1,237.5,2,0,2,0.166667,2.5167,47.4085,184.029,8.76329,211,14,54,59,4.83333,2.86111
ClC(Cl)C(Cl)C(Cl)Cl,199,0,0,2,0.285714,3.2012,40.629,213.868,19.4425,65,8,32,33,5.33333,1.88889
CC1=CC(O)=C(Cl)C=C1Cl,234,1,1,0,0,3.00742,42.8638,175.98,10.9987,111,13,48,54,4.94444,2.22222
ClCC(Cl)=C,94,0,0,1,0.25,1.9777,25.713,109.969,12.2188,18,2,16,14,3.36111,1.33333
CCC[Si](Cl)(Cl)Cl,123.5,0,0,2,0.333333,3.0517,38.411,175.938,12.567,46,4,28,26,4.5625,1.625
FC(F)(F)C(F)(F)C1(F)OC(F)(F)C(F)(F)C1(F)F,56,1,0,1,0.0526316,3.7434,30.767,315.976,16.6303,555,46,112,144,12.625,3.5625
CC1=C(F)C(F)=C(C)C(F)=C1F,143.5,0,0,0,0,2.85984,35.748,178.041,9.89114,174,21,60,72,6.66667,2.66667
F\C(Cl)=C(\F)Cl,21.1,0,0,0,0,2.5296,20.948,131.935,21.9891,29,4,22,21,4.22222,1.44444
ClC1=CC(Cl)=CC=C1,173,0,0,0,0,2.9934,36.462,145.969,12.1641,61,7,36,38,3.22222,1.83333
ClCC(=O)CCl,173.4,1,0,2,0.4,1.0331,26.447,125.964,12.5964,31,4,20,19,3.61111,1.66667
ClC1=CC2=C(Cl)C(Cl)=C(Cl)C=C2C(Cl)=C1Cl,370,0,0,0,0,6.7602,74.008,331.829,18.4349,384,30,86,105,7.38889,3.44444
C\C(Cl)=C\C(O)=O,195,1,1,1,0.166667,1.2136,27.2458,119.998,9.99982,48,4,26,24,4.47222,1.66667
FC(F)(F)C(F)(Cl)C(F)(F)Cl,34.1,0,0,1,0.1,3.2849,26.547,219.928,19.9935,136,18,56,64,8.1875,2.125
FC(F)=C(F)Br,-1,0,0,0,0,2.4164,19.277,159.914,26.6523,29,4,22,21,4.22222,1.44444
CC(C)(C)OC(=O)CCl,150,2,0,1,0.125,1.5669,36.565,150.045,7.50224,94,7,38,37,5.67361,2.04167
COC1=C(F)C(F)=C(F)C(F)=C1F,138.5,1,0,1,0.0769231,2.3907,32.784,198.01,12.3757,220,23,64,77,6.91667,3
C[Si](C)(C)Cl,60,0,0,0,0,2.0601,29.199,108.016,7.71544,16,0,20,16,4.0625,1
CC1=C(Cl)C=CC(O)=C1Cl,236,1,1,0,0,3.00742,42.8638,175.98,10.9987,109,14,48,55,4.94444,2.25
C\C=C(/Cl)C(O)=O,212,1,1,1,0.166667,1.2136,27.2458,119.998,9.99982,46,6,26,26,4.47222,1.77778
CC(Cl)=C(Cl)Cl,118,0,0,0,0,2.8918,30.259,143.93,15.9922,29,4,22,21,4.22222,1.44444
CC(C)(C)OC(=O)C(F)(F)F,83,2,0,0,0,1.8904,31.9,170.055,8.50277,156,11,52,53,7.48611,2.20833
CCC(C)(Cl)CCl,134,0,0,2,0.333333,2.6327,35.269,140.016,8.23623,44,6,28,28,4.5625,1.75
Cl\C(=C/C1=CC=CC=C1)C1=CC=CC=C1,322,0,0,2,0.125,4.4235,66.608,214.055,8.23288,394,18,72,80,4.08333,3.44444
CC(C)=CCCl,109,0,0,1,0.2,2.1914,30.151,104.039,6.93595,32,3,20,18,3.61111,1.58333
FC(=C)C=C,12,0,0,1,0.25,1.6556,20.445,72.0375,7.20375,18,2,16,14,3.36111,1.33333
FCC(F)F,5,0,0,1,0.25,1.221,11.979,84.0187,10.5023,18,2,16,14,3.36111,1.33333
ClC1=CC=C(C(Cl)=C1)N(=O)=O,258.5,2,0,1,0.0909091,2.9016,43.1164,190.954,13.6396,150,14,52,58,5.19444,2.47222
ClC1=CC(Cl)=C(Cl)N=C1Cl,250.5,1,0,0,0,3.6952,44.277,214.886,19.5351,111,13,48,54,4.94444,2.22222
FC(F)(F)C(F)(F)C(F)(F)F,-36.6,0,0,0,0,2.7463,17.057,187.987,17.0897,136,18,56,64,8.1875,2.125
CC1(C)C2CCC1(C)C(Cl)C2,207.5,0,0,0,0,3.44,48.87,172.102,6.1465,123,19,66,85,5.09722,2.1875
FC1=C(CC#N)C=CC=C1,232,1,0,1,0.1,1.89178,35.717,135.048,8.44053,121,11,44,48,3.72222,2.44444
FC(F)(F)C(=O)C(F)(F)F,-27.4,1,0,0,0,1.6801,17.117,165.985,16.5985,111,12,48,51,7.23611,2
CCC(Br)C(Cl)=O,151,1,0,2,0.333333,1.9253,33.866,183.929,14.1484,46,6,26,26,4.47222,1.77778
FC1=C(F)C(F)=C(Cl)C(F)=C1F,117.9,0,0,0,0,3.0355,31.242,201.961,16.8301,174,21,60,72,6.66667,2.66667
ClC1=CC(Cl)=C(Cl)C=C1N(=O)=O,288,2,0,1,0.0833333,3.555,48.1264,224.915,16.0654,187,17,58,66,6.05556,2.66667
FC(Cl)C(F)(F)C(F)(F)Cl,56.1,0,0,2,0.222222,2.9877,26.496,201.938,18.358,108,15,48,54,7.23611,2.0625
FCCCCCCCl,168,0,0,5,0.714286,2.7551,35.163,138.061,6.90306,84,5,26,24,3.5,2.25
FC(F)(F)C(\Cl)=C(\Cl)C(F)(F)F,68.5,0,0,0,0,3.8002,30.842,231.928,19.3273,188,16,58,63,8.34722,2.44444
FC(F)(F)C(F)(F)C(F)(F)C(F)(F)C(F)(F)C(F)(F)C(F)(F)C(F)(F)F,102.8,0,0,5,0.2,5.9228,41.792,437.971,16.845,1381,63,146,184,18.5,4.9375
FC(F)=C(F)C(F)(F)F,-29.6,0,0,0,0,2.6263,16.405,149.99,16.6656,86,10,40,42,6.28472,1.94444
ClCC(Cl)=O,106,1,0,1,0.25,0.9906,21.58,111.948,15.9926,18,2,16,14,3.36111,1.33333
CCOC(F)(F)C(F)F,57.5,1,0,3,0.375,1.8808,22.577,146.035,9.7357,90,10,38,40,5.67361,2.125
[O-][N+](=O)C1=C(F)C(F)=C(F)C(F)=C1F,159.5,2,0,1,0.0714286,2.2903,32.8864,212.985,15.2132,268,25,70,84,7.77778,3.11111
OC(CCl)C=C,145.5,1,1,2,0.4,0.7721,26.9238,106.019,8.15527,31,4,20,19,3.61111,1.66667
OCCCl,128.6,1,1,1,0.333333,0.2175,17.8058,80.0029,8.88921,10,1,10,8,2.5,1.25
ClC1=NC(Cl)=NC(Cl)=N1,192,3,0,0,0,1.8318,34.857,182.916,20.324,84,9,42,45,4.08333,2
OC1=CC2=C(C=CC=C2Cl)C=C1,307.5,1,1,0,0,3.1988,50.6228,178.019,9.3694,180,17,62,72,3.94444,2.63889
ClC1=CC(Cl)=C(Br)C=C1,235,0,0,0,0,3.7559,44.162,223.88,18.6566,84,10,42,46,4.08333,2.02778
CC=C(Cl)Cl,76.5,0,0,0,0,2.3253,25.463,109.969,12.2188,18,2,16,14,3.36111,1.33333
FCCCF,41.6,0,0,2,0.5,1.3155,16.567,80.0438,7.27671,20,2,14,12,2.75,1.5
FC(F)(F)CCCl,45.1,0,0,1,0.166667,2.1776,21.392,131.995,11.9996,46,4,28,26,4.5625,1.625
FC(F)(F)C(Cl)=O,-27,1,0,0,0,1.3141,16.915,131.959,18.8513,42,6,30,30,5.17361,1.5
CCOC(=O)CCCCl,184,2,0,4,0.5,1.5685,36.587,150.045,7.50224,108,7,32,31,4.36111,2.41667
FCCCCBr,135,0,0,3,0.6,2.131,29.003,153.979,10.9985,35,3,18,16,3,1.75
CP(F)(=O)OC1CCCCC1,239,2,0,2,0.181818,3.1281,42.5965,180.072,7.20286,160,10,52,54,4.67361,2.375
FC(F)(F)N1C(F)(F)C(F)(F)OC(F)(F)C1(F)F,51,2,0,0,0,3.2096,28.767,298.98,16.61,474,39,104,128,11.6736,3.375
FC(F)(Cl)C(F)(F)Cl,3.8,0,0,1,0.142857,2.6496,21.6,169.931,21.2414,58,9,38,40,6.125,1.5625
FC(F)(F)I,-22.5,0,0,0,0,1.9412,20.075,195.9,39.1799,16,0,20,16,4.0625,1
CC1=C(C)C(Cl)=C(O)C=C1,188,1,1,0,0,2.66244,42.5908,156.034,8.21233,109,14,48,55,4.94444,2.25
CC1=CC(N)=C(Cl)C=C1,229,1,1,0,0,2.23062,40.6014,141.035,8.29615,84,10,42,46,4.08333,2.02778
CC1=C(N)C(Cl)=CC=C1,215,1,1,0,0,2.23062,40.6014,141.035,8.29615,82,11,42,47,4.08333,2.05556
CCC(=O)CCl,137.5,1,0,2,0.4,1.2043,26.018,106.019,8.15527,31,4,20,19,3.61111,1.66667
F\C(=C(/F)C(F)(F)F)C(F)(F)F,1.5,0,0,0,0,3.2616,21.352,199.987,16.6656,188,16,58,63,8.34722,2.44444
OCCC1=CC=C(Cl)C=C1,259,1,1,2,0.2,1.8748,42.2418,156.034,8.21233,127,10,44,47,3.72222,2.41667
CC(O)(CCl)CCl,174.5,1,1,2,0.333333,1.215,32.0638,141.995,9.46635,44,6,28,28,4.5625,1.75
FC(Cl)C(F)(F)Cl,29.5,0,0,1,0.166667,2.3524,21.549,151.941,18.9926,42,6,30,30,5.17361,1.5
FC(F)(Cl)Br,-3.7,0,0,0,0,2.1704,19.727,163.884,32.7768,16,0,20,16,4.0625,1
OCCCC(F)(F)F,125,1,1,2,0.285714,1.3212,22.3748,128.045,8.53633,71,5,32,30,4.8125,1.875
FC1=NC(F)=C(Cl)C(F)=N1,114.5,2,0,0,0,1.5473,26.916,167.97,16.797,110,13,48,54,4.94444,2.22222
FC1=CC(=CC=C1)C(Cl)=O,189,1,0,1,0.1,2.2047,36.5835,157.993,11.2852,117,11,46,50,4.33333,2.27778
CC(Cl)C(C)(C)O,141.5,1,1,1,0.166667,1.3846,31.6128,122.05,6.78055,42,6,30,30,5.17361,1.5
CCCC(Cl)CC,123,0,0,3,0.5,2.8039,34.84,120.071,6.00353,50,5,24,23,3.86111,1.91667
ClC(Cl)(Cl)OC(=O)OC(Cl)(Cl)Cl,203,3,0,0,0,3.795,48.146,293.798,24.4832,211,10,56,55,7.73611,2.41667
FC(F)(F)C1=C(Cl)C=C(Cl)C=C1,177.52,0,0,0,0,4.0122,41.464,213.956,14.2638,186,16,60,67,6.14583,2.52778
FC(F)(Br)C(F)(F)C(F)(F)C(F)(F)Br,97,0,0,3,0.230769,4.2324,37.642,357.824,25.5588,259,27,74,88,10.25,2.6875
OCC(F)(F)C(F)F,109.5,1,1,2,0.285714,0.8791,18.0368,132.02,11.0017,62,9,34,36,5.42361,1.875
CC[Si](Cl)(CC)CC,144.5,0,0,3,0.428571,3.2304,43.05,150.063,6.52448,64,9,32,34,4.8125,2.125
ClC(=C)C#N,88.5,1,0,0,0,1.26248,20.606,86.9876,12.4268,18,2,16,14,3.36111,1.33333
COC(Cl)=O,70.5,2,0,0,0,0.9916,18.258,93.9822,11.7478,18,2,16,14,3.36111,1.33333
ClCCOC=C,108,1,0,3,0.6,1.3853,26.869,106.019,8.15527,35,3,18,16,3,1.75
FC(Cl)(Br)Br,80.3,0,0,0,0,2.5958,27.546,223.804,44.7608,16,0,20,16,4.0625,1
FC(F)(F)C(F)(F)C(F)(F)C(F)(F)C(F)(F)C(F)(F)C(F)(F)I,137.5,0,0,5,0.227273,5.753,49.757,495.881,21.56,988,54,128,160,16.4375,4.375
CCC(O)CCl,141,1,1,2,0.4,0.9961,27.0178,108.034,7.20228,31,4,20,19,3.61111,1.66667
FC1=CC(C#N)=C(F)C(F)=C1F,164.5,1,0,0,0,2.11468,30.989,175.005,13.4619,182,19,58,68,6.05556,2.77778
CC1=C(F)C=CC=C1Cl,154,0,0,0,0,2.78752,36.147,144.014,9.60095,82,11,42,47,4.08333,2.05556
CCP(Cl)Cl,112,0,0,1,0.25,2.7958,29.167,129.951,12.9951,18,2,16,14,3.36111,1.33333
OC1=C(Cl)C=C(Br)C=C1,233.5,1,1,0,0,2.8081,40.8168,205.913,15.8395,84,10,42,46,4.08333,2.02778
ClC(Cl)C1=C(Cl)C=C(Cl)C(Cl)=C1,280.5,0,0,1,0.0833333,5.123,55.919,261.868,17.4578,187,17,58,66,6.05556,2.66667
NC(=O)C(F)(F)F,162.5,1,1,0,0,0.034,15.2494,113.009,12.5565,42,6,30,30,5.17361,1.5
FC1=NC(F)=NC(F)=N1,72.8,3,0,0,0,0.2889,19.701,135.004,15.0005,84,9,42,45,4.08333,2
CSCCl,105,1,0,1,0.333333,1.5457,24.235,95.98,10.6644,10,1,10,8,2.5,1.25
COC1=CC=C(Cl)C=C1,197.5,1,0,1,0.111111,2.3486,38.004,142.019,8.87616,90,9,40,43,3.47222,2.16667
FCCBr,71.5,0,0,1,0.333333,1.3508,19.769,125.948,15.7435,10,1,10,8,2.5,1.25
ClC1=CC2=C(C=C1)C=C(Cl)C=C2,285,0,0,0,0,4.1466,53.968,195.985,10.888,186,16,62,71,3.94444,2.61111
C\C=C\C(Cl)=O,124.5,1,0,1,0.2,1.3279,25.674,104.003,9.45481,32,3,20,18,3.61111,1.58333
ClC1=C(Cl)C(Cl)(Cl)C(Cl)(Cl)C1(Cl)Cl,283,0,0,0,0,5.2109,62.043,339.751,26.1347,196,29,74,95,8.40972,2.56944
FC(Cl)(Cl)C1=CC=CC=C1,179,0,0,1,0.1,3.244,40.934,177.975,11.865,114,11,48,52,4.42361,2.16667
ClC1=C2N=CC=CC2=CC=C1,288.5,1,0,0,0,2.8882,46.753,163.019,9.58935,140,15,56,65,3.08333,2.47222
FC1=C(F)C(F)=C(CBr)C(F)=C1F,174.5,0,0,1,0.0769231,3.277,38.863,259.926,17.3284,220,23,64,77,6.91667,3
ClCCCCCCCCCl,241,0,0,7,0.777778,3.8046,49.142,182.063,7.00242,165,7,34,32,4,2.75
ClC1=C(C=CC=C1)C(Cl)(Cl)Cl,264.3,0,0,0,0,4.1667,50.689,227.907,15.1938,144,14,54,60,5.28472,2.36111
OC1=CC=C(Cl)C=C1Cl,210,1,1,0,0,2.699,38.1268,161.964,12.4588,84,10,42,46,4.08333,2.02778
ClCCCCCCCl,204,0,0,5,0.714286,3.0244,39.908,154.032,7.70158,84,5,26,24,3.5,2.25
ClC1=CC=C(C=O)C=C1Cl,247.5,1,0,1,0.1,2.8059,41.8495,173.964,12.426,117,12,46,51,4.33333,2.36111
CCOC(OCC)C(Cl)Cl,183.5,2,0,5,0.555556,2.1892,42.534,186.021,8.45552,131,10,38,39,5.22222,2.61111
CC(C)(Cl)CCCl,146.7,0,0,2,0.333333,2.6327,35.269,140.016,8.23623,46,4,28,26,4.5625,1.625
CCC(C)(O)CCl,151,1,1,2,0.333333,1.3862,31.6348,122.05,6.78055,44,6,28,28,4.5625,1.75
FC(F)(Cl)C(F)(F)C(F)(F)C(F)(F)C(F)(F)C(F)(F)C(F)(F)C(F)(F)Cl,151,0,0,7,0.28,6.4614,51.282,469.912,18.0735,1381,63,146,184,18.5,4.9375
FC(F)(F)COCC(F)(F)F,63.9,1,0,2,0.2,2.1276,22.929,182.017,12.1344,176,8,50,48,6.875,2.25
FC(F)(F)C(F)(F)Cl,-37.9,0,0,0,0,2.3803,16.855,153.961,19.2451,58,9,38,40,6.125,1.5625
Cl\C=C(\Cl)C(Cl)Cl,162,0,0,1,0.166667,3.1091,35.283,177.891,19.7657,46,6,26,26,4.47222,1.77778
FC(Cl)Br,36,0,0,0,0,1.8732,19.676,145.893,29.1787,9,0,12,9,3.11111,1
FC(F)(F)C(F)(C(F)(F)F)C(F)(C(F)(F)F)C(F)(F)F,58,0,0,1,0.0526316,4.6522,31.898,337.978,16.8989,622,45,110,136,14.375,3.8125
CC[Si](Cl)(Cl)Cl,100.5,0,0,1,0.2,2.6616,33.794,161.923,14.7202,28,3,24,22,4.3125,1.375
ClCCCOC1=CC=CC=C1,250,1,0,4,0.363636,2.6943,47.274,170.05,7.72954,182,10,46,48,3.36111,2.75
ClCC(=O)C1=CC=CC=C1,247,1,0,2,0.2,2.1081,41.4925,154.019,9.05991,121,11,44,48,3.72222,2.44444
CCCC(Cl)Cl,113.8,0,0,2,0.4,2.5902,30.402,126,9.00002,32,3,20,18,3.61111,1.58333
NC1=CC=CC(Cl)=C1Cl,252,1,1,0,0,2.5756,40.8744,160.98,11.4986,82,11,42,47,4.08333,2.05556
CC1=CC=C(Cl)C=C1,162.4,0,0,0,0,2.64842,36.189,126.024,8.40158,62,7,36,38,3.22222,1.83333
CC(C)C[Si](Cl)(Cl)Cl,143.3,0,0,2,0.285714,3.2977,42.958,189.954,11.1738,66,5,34,32,5.42361,1.70833
ClC(Cl)(Cl)S(Cl)(=O)=O,170,2,0,0,0,1.8827,35.0628,215.837,26.9797,58,9,38,40,6.125,1.5625
CCC(CC)CCl,126,0,0,3,0.5,2.6614,34.792,120.071,6.00353,48,6,24,24,3.86111,2
CC1=CC=CC(C)=C1Cl,186,0,0,0,0,2.95684,40.926,140.039,7.77996,82,11,42,47,4.08333,2.05556
Cl[Si](Cl)(Cl)C=C,91.5,0,0,1,0.2,2.3669,33.51,159.907,17.7674,28,3,24,22,4.3125,1.375
ClC(Cl)=C(Cl)C(Cl)=C(Cl)Cl,215,0,0,1,0.111111,4.7574,49.17,257.813,25.7813,121,12,42,45,6.44444,2.33333
OCC(F)(F)C(F)(F)C(F)(F)C(F)F,140.5,1,1,4,0.307692,2.1497,27.9308,232.013,12.8896,267,27,70,84,9.54861,3
CCOC1=CC(Cl)=C(N)C(Cl)=C1,275,2,1,2,0.166667,2.9743,52.0434,205.006,9.7622,197,16,56,63,5.44444,2.80556
ClS(=O)(=O)C1=CC=CC=C1,252,2,0,1,0.1,1.6141,39.4808,175.97,11.7313,114,11,48,52,4.42361,2.16667
FC1=C(F)C(F)=C(I)C(F)=C1F,166,0,0,0,0,2.9867,38.949,293.896,24.4914,174,21,60,72,6.66667,2.66667
COC(F)(F)C(Cl)Cl,105,1,0,2,0.285714,2.0293,27.45,163.961,13.6634,62,9,34,36,5.42361,1.875
ClC(Br)Br,120,0,0,0,0,2.2986,27.495,205.813,41.1627,9,0,12,9,3.11111,1
Cl[SiH2]C1=CC=CC=C1,162.5,0,0,1,0.125,0.6345,40.473,142.001,9.4667,64,7,34,36,2.61111,2
CS(F)(=O)=O,123.5,2,0,0,0,-0.0845,15.9518,97.9838,12.248,16,0,20,16,4.0625,1
CC(=O)CC(=O)OCCCl,198,3,0,4,0.444444,0.7475,36.977,164.024,8.63284,142,8,38,37,5.22222,2.5
ClC1=NC2=C(S1)C=CC=C2,248,2,0,0,0,2.9497,44.63,168.975,12.0697,108,11,52,60,2.83333,2.19444
ClC(Cl)=C(C1=CC=C(Cl)C=C1)C1=CC=C(Cl)C=C1,336,0,0,2,0.105263,6.1879,80.632,315.938,12.1515,603,26,90,103,6.66667,4
FC(F)(F)OC1=CC=C(C=C1)C#N,192.5,2,0,1,0.0769231,2.45688,37.84,187.024,11.0014,266,14,62,66,5.78472,2.875
ClC1=NC2=CC=CC=C2O1,201.5,2,0,0,0,2.4812,39.019,152.998,10.9284,108,11,52,60,2.83333,2.19444
ClC1(Cl)CCCCC1,171,0,0,0,0,3.1244,37.522,152.016,8.44533,59,7,38,40,3.3125,1.75
C[Si](Cl)(Cl)C1=CC=CC=C1,206.5,0,0,1,0.1,2.4432,49.4,189.977,10.5543,114,11,48,52,4.42361,2.16667
ClC1=CC=CC=C1C=C,188.7,0,0,1,0.111111,2.983,41.543,138.024,8.62648,86,10,40,44,3.47222,2.19444
OC1=C(F)C(F)=C(F)C(F)=C1F,145.6,1,1,0,0,2.0877,27.8968,183.995,14.1534,174,21,60,72,6.66667,2.66667
OC(=O)C(F)Cl,162,1,1,1,0.2,0.6054,18.3848,111.973,13.9966,29,4,22,21,4.22222,1.44444
FC1=CC(F)=CC(F)=C1,75.5,0,0,0,0,2.1039,26.316,132.019,11.0016,84,9,42,45,4.08333,2
FC(F)(F)C(F)(F)C(F)(F)C(F)(F)C1(F)OC(F)(F)C(F)(F)C1(F)F,102.6,1,0,3,0.12,5.014,40.661,415.969,16.6388,1191,64,148,192,16.75,4.6875
ClC1=CC=C(Br)C=C1,196,0,0,0,0,3.1025,39.152,189.918,15.8265,62,7,36,38,3.22222,1.83333
FC1(F)C(=O)OC(=O)C(F)(F)C1(F)F,72,3,0,0,0,0.9757,25.94,221.975,15.8554,245,31,78,98,8.65972,2.79167
OC1=C(Cl)C=CC=C1,174.9,1,1,0,0,2.0456,33.1168,128.003,9.84638,60,8,36,39,3.22222,1.86111
COC1=C(Cl)C=C(Cl)C(Cl)=C1,254,1,0,1,0.0909091,3.6554,48.024,209.941,13.1213,148,15,52,59,5.19444,2.55556
F\C(Cl)=C(/Cl)C(F)(F)F,47.3,0,0,0,0,3.1649,25.895,181.931,20.2146,86,10,40,42,6.28472,1.94444
ClC1=CC=CC(=C1)C(Cl)(Cl)Cl,255,0,0,0,0,4.1667,50.689,227.907,15.1938,148,13,54,59,5.28472,2.33333
CCCCl,46.5,0,0,1,0.333333,1.6352,21.011,78.0236,7.09306,10,1,10,8,2.5,1.25
CC(C)COC(Cl)=O,128.8,2,0,2,0.285714,2.0178,32.039,136.029,8.00171,74,5,30,28,4.72222,1.91667
COC(=O)C(Cl)Cl,142.9,2,0,1,0.166667,0.9631,27.51,141.959,12.9053,46,6,26,26,4.47222,1.77778
CCCCCCl,107.8,0,0,3,0.6,2.4154,30.245,106.055,6.23853,35,3,18,16,3,1.75
CB(C)Cl,4.9,0,0,0,0,1.4763,23.335,76.0251,7.60251,9,0,12,9,3.11111,1
FCCCCCl,114.7,0,0,3,0.6,1.9749,25.929,110.03,7.85928,35,3,18,16,3,1.75
ClP(Cl)(=O)OC1=CC=CC=C1,242,2,0,2,0.181818,3.6511,46.3825,209.94,13.1213,160,10,52,54,4.67361,2.375
CCOC(=O)C1=CC(Cl)=CC=C1,243,2,0,2,0.166667,2.5167,47.4085,184.029,8.76329,206,14,54,59,4.83333,2.86111
FC(F)(F)C(F)(F)C(F)(F)C(F)(F)C(F)(F)C(F)(F)C(F)(F)C(Cl)=O,131,1,0,6,0.25,5.1259,46.597,431.94,17.2776,1248,60,138,174,17.5486,4.875
ClC(Cl)C=O,89.2,1,0,1,0.25,0.989,21.558,111.948,15.9926,18,2,16,14,3.36111,1.33333
FC1=CC(F)=C(C=C1)N(=O)=O,207,2,0,1,0.0909091,1.873,33.0124,159.013,11.3581,150,14,52,58,5.19444,2.47222
FC1=CC=C(C=C1)C#N,188.8,1,0,0,0,1.69738,31.115,121.033,9.31021,90,9,40,43,3.47222,2.16667
FC1=C(I)C=CC=C1,188.6,0,0,0,0,2.4303,39.117,221.934,18.4945,60,8,36,39,3.22222,1.86111
CC(O)C(Cl)(Cl)Cl,163,1,1,0,0,1.7374,31.9708,161.941,13.495,42,6,30,30,5.17361,1.5
CCCCCF,62.8,0,0,3,0.6,2.1461,25.5,90.0845,5.29909,35,3,18,16,3,1.75
FC1=C(F)C(F)(F)C(F)(F)C(F)(F)C1(F)F,52,0,0,0,0,3.6918,29.03,261.984,16.374,340,40,92,119,10.4722,3.13194
OC1=C(F)C(F)=CC(F)=C1F,140,1,1,0,0,1.9486,27.9388,166.004,12.7696,140,17,54,63,5.80556,2.44444
FC1=CC(F)=CC=C1,82.6,0,0,0,0,1.9648,26.358,114.028,9.50234,61,7,36,38,3.22222,1.83333
CC(=O)OCCl,116,2,0,1,0.2,0.7458,22.486,107.998,9.81798,32,3,20,18,3.61111,1.58333
CCCC[Si](C)(C)Cl,139,0,0,3,0.428571,3.2304,43.05,150.063,6.52448,71,5,32,30,4.8125,1.875
CC(Br)CCl,118,0,0,1,0.25,2.0086,29.109,155.934,14.1758,18,2,16,14,3.36111,1.33333
ClCCOC(=O)OCCCl,241,3,0,4,0.444444,1.6172,38.74,185.985,10.3325,149,8,36,35,4.61111,2.66667
ClC1C2C(C3OC13Cl)C1(Cl)C(Cl)=C(Cl)C2(Cl)C1(Cl)Cl,353,1,0,0,0,5.0192,80.415,419.777,18.2512,523,48,130,183,9.16667,3.61111
FC(Cl)(Cl)C(Cl)Cl,116,0,0,1,0.166667,2.891,31.039,183.882,22.9852,42,6,30,30,5.17361,1.5
OC1=CC(O)=C(Cl)C=C1Cl,254,2,2,0,0,2.4046,39.7916,177.959,12.7113,111,13,48,54,4.94444,2.22222
FC1=CC(=CC(F)=C1)N(=O)=O,176.5,2,0,1,0.0909091,1.873,33.0124,159.013,11.3581,150,13,52,57,5.19444,2.44444
CN(C)C(Cl)=O,167,1,0,0,0,0.9068,24.936,107.014,8.91782,29,4,22,21,4.22222,1.44444
ClC1=C(C=CC=C1)N(=O)=O,245.5,2,0,1,0.1,2.2482,38.1064,156.993,11.2138,114,12,46,51,4.33333,2.30556
OC(C(F)(F)F)C(F)(F)F,59,1,1,0,0,1.4719,18.1168,168.001,14.0001,111,12,48,51,7.23611,2
CC1=C(N)C=C(Cl)C=C1,239,1,1,0,0,2.23062,40.6014,141.035,8.29615,84,10,42,46,4.08333,2.02778
ClC1=CC=C(CC2=CC=CC=C2)C=C1,299,0,0,2,0.133333,3.9308,60.7,202.055,8.0822,329,16,68,75,3.83333,3.16667
CC(C)(O)C(Cl)(Cl)Cl,167,1,1,0,0,2.1275,36.5878,175.956,11.7304,58,9,38,40,6.125,1.5625
COC1=C(F)C(F)=CC(F)=C1F,138,1,0,1,0.0833333,2.2516,32.826,180.02,11.2512,180,19,58,68,6.05556,2.77778
ClC(Cl)C(=O)C(Cl)Cl,183,1,0,2,0.285714,2.1629,35.995,193.886,19.3886,65,8,32,33,5.33333,1.88889
FC(F)(Cl)C(F)(Cl)Cl,47.7,0,0,1,0.142857,2.9189,26.345,185.902,23.2377,58,9,38,40,6.125,1.5625
CCCCCCCCCCCCCl,260,0,0,10,0.833333,5.1461,62.564,204.164,5.37275,364,10,46,44,4.75,3.5
OCCCCl,165,1,1,2,0.5,0.6076,22.4228,94.0185,7.83488,20,2,14,12,2.75,1.5
CC(Cl)C=C,64.5,0,0,1,0.25,1.7997,25.512,90.0236,7.50197,18,2,16,14,3.36111,1.33333
FC(F)(F)C(F)(F)C(F)(F)C(F)(C(F)(F)C(F)(F)F)C(F)(F)C(F)(F)F,103,0,0,4,0.16,5.9228,41.792,437.971,16.845,1273,63,146,184,18.5,4.9375
FC(F)Cl,-40.7,0,0,0,0,1.4478,11.857,85.9735,17.1947,9,0,12,9,3.11111,1
CC(C1=CC=C(Cl)C=C1)C1=CC=C(Cl)C=C1,320,0,0,2,0.117647,5.1452,70.421,250.032,8.9297,459,22,80,91,5.55556,3.55556
CC(C)(C)CCCl,115,0,0,1,0.166667,2.6614,34.792,120.071,6.00353,46,4,28,26,4.5625,1.625
CCCCCCCCCCF,186.2,0,0,8,0.8,4.0966,48.585,160.163,5.00509,220,8,38,36,4.25,3
FC1=C(C=CC=C1)C(F)(F)F,114.5,0,0,0,0,2.8445,31.402,164.025,10.935,144,14,54,60,5.28472,2.36111
C[Si](Cl)(C1=CC=CC=C1)C1=CC=CC=C1,295,0,0,2,0.125,2.6149,69.623,232.048,8.28741,352,22,76,88,4.78472,3.33333
FC(F)(F)C1=CC=CC=C1,102.1,0,0,0,0,2.7054,31.444,146.034,9.73562,114,11,48,52,4.42361,2.16667
ClC(Cl)=C,31.7,0,0,0,0,1.9352,20.846,95.9534,15.9922,9,0,12,9,3.11111,1
ClCCCOC(Cl)=O,177,2,0,3,0.428571,1.9907,32.538,155.974,11.141,79,5,28,26,4.11111,2.08333
ClC(Cl)(Cl)C1OC(C(=O)O1)C(Cl)(Cl)Cl,272.5,3,0,0,0,2.9949,55.333,319.814,19.9883,284,19,74,84,7.95833,2.77778
FC(F)(F)C1(F)C(F)(F)C(F)(F)C(F)(F)C(F)(F)C1(F)C(F)(F)F,101.5,0,0,0,0,5.0824,39.576,399.974,16.6656,942,69,144,192,16.5,4.5
ClCCC=C,75,0,0,2,0.5,1.8013,25.534,90.0236,7.50197,20,2,14,12,2.75,1.5
FC1=CC(Br)=CC=C1,150,0,0,0,0,2.5882,34.1,173.948,14.4957,61,7,36,38,3.22222,1.83333
FC1=CC=C(F)C(F)=C1F,94.3,0,0,0,0,2.243,26.274,150.009,12.5008,109,14,48,55,4.94444,2.25
CC(=C)CCl,71.5,0,0,1,0.25,1.8013,25.534,90.0236,7.50197,18,2,16,14,3.36111,1.33333
FC(F)(Cl)C(Cl)Cl,71.9,0,0,1,0.166667,2.6217,26.294,167.911,20.9889,42,6,30,30,5.17361,1.5
FC(F)C(F)C(F)(F)F,6.5,0,0,1,0.125,2.1519,16.955,152.006,13.8187,86,10,40,42,6.28472,1.94444
CCCCCC[Si](Cl)(Cl)Cl,190,0,0,5,0.555556,4.222,52.262,217.985,9.47762,146,7,40,38,5.3125,2.375
FC(F)(F)C(F)(F)C(Cl)(Cl)Cl,74,0,0,0,0,3.5542,31.292,235.899,21.4453,136,18,56,64,8.1875,2.125
OC(=O)CCl,189.3,1,1,1,0.25,0.3098,18.3558,93.9822,11.7478,18,2,16,14,3.36111,1.33333
OS(=O)(=O)C(F)(F)C(F)(F)C(F)(F)F,196,2,1,2,0.153846,1.6646,27.4976,249.953,16.6636,259,27,74,88,10.25,2.6875
ClC1=CC(Cl)=CC(Cl)=C1,208,0,0,0,0,3.6468,41.472,179.93,14.9942,84,9,42,45,4.08333,2
CC(Cl)N(=O)=O,124.5,2,0,1,0.2,0.8479,22.3094,108.993,10.8993,29,4,22,21,4.22222,1.44444
CCOCCCl,107.5,1,0,3,0.6,1.2617,27.213,108.034,7.20228,35,3,18,16,3,1.75
CC(Cl)CO,133.5,1,1,1,0.25,0.606,22.4008,94.0185,7.83488,18,2,16,14,3.36111,1.33333
FC(F)(F)C1(F)C(F)(F)C(F)(C(F)(F)F)C(F)(F)C(F)(C(F)(F)F)C1(F)F,125,0,0,0,0,5.7177,44.523,449.971,16.6656,1284,78,162,216,18.5625,5.0625
FC(F)(F)CC(F)(F)F,-1.1,0,0,0,0,2.5011,16.727,152.006,13.8187,88,6,42,40,6.375,1.75
CC1=C(Cl)C=CC=C1Cl,198,0,0,0,0,3.30182,41.199,159.985,10.6656,82,11,42,47,4.08333,2.05556
CC(=O)C1=CC=C(Cl)C=C1,232,1,0,1,0.1,2.5426,41.4565,154.019,9.05991,120,11,46,50,4.33333,2.27778
FCCCl,53.1,0,0,1,0.333333,1.1947,16.695,81.9986,10.2498,10,1,10,8,2.5,1.25
FC(F)(F)C1=CC=C(Cl)C(=C1)N(=O)=O,222,2,0,1,0.0714286,3.267,43.1084,224.98,13.2341,289,20,70,79,7.25694,2.97222
FC(Cl)C(F)(F)Br,52.5,0,0,1,0.166667,2.5085,24.623,195.89,24.4863,42,6,30,30,5.17361,1.5
ClC\C=C/Cl,104.3,0,0,1,0.25,1.9777,25.713,109.969,12.2188,20,2,14,12,2.75,1.5
CC1=CC(F)=CC=C1,115,0,0,0,0,2.13412,31.137,110.053,7.33688,61,7,36,38,3.22222,1.83333
ClCCC=O,130,1,0,2,0.5,0.8142,21.401,92.0029,9.20029,20,2,14,12,2.75,1.5
COC1=C(O)C=CC(Cl)=C1,241,2,1,1,0.1,2.0542,39.6688,158.013,9.29491,115,12,46,51,4.33333,2.36111
ClC1=CC(Cl)=C(Cl)C(Cl)=C1Cl,277,0,0,0,0,4.9536,51.492,247.852,20.6543,140,17,54,63,5.80556,2.44444
OC1=CC(Cl)=C(Cl)C=C1,253,1,1,0,0,2.699,38.1268,161.964,12.4588,84,10,42,46,4.08333,2.02778
FC1=CC(=CC=C1)C#N,182.5,1,0,0,0,1.69738,31.115,121.033,9.31021,88,9,40,43,3.47222,2.16667
CC(Cl)C(C)(C)Cl,129,0,0,1,0.166667,2.6311,35.247,140.016,8.23623,42,6,30,30,5.17361,1.5
CCCCCl,78.6,0,0,2,0.5,2.0253,25.628,92.0393,6.57423,20,2,14,12,2.75,1.5
FC(F)OC(F)F,6.35,1,0,2,0.333333,1.4482,13.093,118.004,13.1116,48,4,26,24,4.47222,1.66667
ClP(Cl)C1=CC=CC=C1,225,0,0,1,0.111111,3.1014,44.702,177.951,12.7108,88,9,40,43,3.47222,2.11111
OC(=O)C(F)(F)C(F)(F)C(F)(F)F,121,1,1,2,0.166667,1.9039,23.5848,213.986,15.2847,216,24,66,78,9.29861,2.625
COS(Cl)(=O)=O,134,3,0,1,0.2,0.1164,21.7818,129.949,14.4388,28,3,24,22,4.3125,1.375
FC(F)=C(Cl)C(F)(F)F,6.8,0,0,0,0,2.8956,21.15,165.961,18.4401,86,10,40,42,6.28472,1.94444
FC(F)(F)C(F)(F)N(C(F)(F)C(F)(F)F)C(F)(F)C(F)(F)F,70.3,1,0,3,0.142857,4.7537,34.845,370.979,16.8627,846,45,120,144,15.4861,4.1875
CC(O)C(C)Cl,139,1,1,1,0.2,0.9945,26.9958,108.034,7.20228,29,4,22,21,4.22222,1.44444
CC1=C(CCl)C=CC=C1,198,0,0,1,0.111111,2.73382,40.736,140.039,7.77996,86,10,40,44,3.47222,2.19444
CC(C)CC(C(F)(F)F)(C(F)(F)F)C(F)(F)C(F)(F)C(F)(F)F,132,0,0,4,0.181818,5.9764,49.947,376.05,11.7516,936,50,124,152,15.7361,4.52083
ClN1C(=O)CCC1=O,216.5,2,0,0,0,0.2892,26.94,132.993,11.0828,58,8,38,43,3.83333,1.80556
FC(F)(F)S(Cl)(=O)=O,30.5,2,0,0,0,1.0748,20.8278,167.926,20.9907,58,9,38,40,6.125,1.5625
OCC1=CC=C(Cl)C(Cl)=C1,149.5,1,1,1,0.1,2.4857,42.3848,175.98,10.9987,117,12,46,51,4.33333,2.36111
C[Si](C)(C)CCl,98.5,0,0,1,0.2,2.1026,34.066,122.032,7.17834,28,3,24,22,4.3125,1.375
OS(=O)(=O)C(F)(F)C(F)(F)C(F)(F)C(F)(F)C(F)(F)C(F)(F)F,238.5,2,1,5,0.227273,3.5705,42.3386,399.944,16.6643,988,54,128,160,16.4375,4.375
ClC(=O)OCCOC(Cl)=O,183,4,0,3,0.333333,1.7372,34.402,185.949,13.282,151,7,38,36,5.22222,2.41667
CCC(C)OC(Cl)=O,126,2,0,2,0.285714,2.1603,32.087,136.029,8.00171,71,6,30,29,4.72222,2
CC(C)C1=C(Cl)C=CC=C1,191.1,0,0,1,0.1,3.4634,45.541,154.055,7.33595,114,12,46,51,4.33333,2.30556
Cl[Si](Cl)(Cl)CCC1=CC=CC=C1,242,0,0,3,0.25,3.8844,58.266,237.954,11.3311,217,11,56,58,4.92361,2.625
ClC1=C(Cl)C2=C(C=C1)C(=O)OC2=O,329,3,0,0,0,2.304,46.208,215.938,14.3959,215,21,70,85,5.41667,2.80556
NC1=C(Cl)C=C(Cl)C=C1Br,273,1,1,0,0,3.3381,48.5744,238.89,17.0636,110,13,48,54,4.94444,2.22222
ClC(Cl)C1=CC=CC=C1,205,0,0,1,0.111111,3.1628,40.889,159.985,10.6656,88,9,40,43,3.47222,2.11111
FC(F)(F)C(Cl)(Cl)C(F)(F)Cl,72,0,0,1,0.1,3.5542,31.292,235.899,21.4453,136,18,56,64,8.1875,2.125
CC(Cl)C(C)=C,94,0,0,1,0.2,2.1898,30.129,104.039,6.93595,29,4,22,21,4.22222,1.44444
CC1=CC=C(C=C1)C(F)(F)F,129,0,0,0,0,3.01382,36.181,160.05,8.89167,152,13,54,59,5.28472,2.33333
CC(F)(F)CC(F)(F)F,40,0,0,1,0.125,2.594,21.293,148.031,10.5737,88,6,42,40,6.375,1.75
ClC(=O)C1=CC=CC(=C1)N(=O)=O,276.5,3,0,2,0.166667,1.9738,43.2799,184.988,11.5617,197,15,56,62,5.44444,2.72222
FC(F)(Br)C=C,42,0,0,1,0.2,2.1601,24.071,155.939,17.3265,28,3,24,22,4.3125,1.375
CCOC(=O)C1=CC=CC(Cl)=C1O,269.5,3,1,2,0.153846,2.2223,49.0733,200.024,9.092,246,18,60,68,5.69444,3.08333
CCCCCCCC(Cl)=O,195.6,1,0,6,0.666667,3.1123,44.236,162.081,6.48325,158,7,36,34,4.61111,2.58333
COC(=O)C(F)(F)C(F)(F)C(F)(F)F,80,2,0,2,0.153846,1.9923,27.965,228.002,13.4119,270,26,70,83,9.54861,2.95833
OCC(Cl)Cl,146,1,1,1,0.25,0.7824,22.5798,113.964,12.6627,18,2,16,14,3.36111,1.33333
OCC1=CC(Cl)=CC=C1,237,1,1,1,0.111111,1.8323,37.3748,142.019,8.87616,88,9,40,43,3.47222,2.16667
CC(=O)CCl,119,1,0,1,0.25,0.8142,21.401,92.0029,9.20029,18,2,16,14,3.36111,1.33333
FC(F)(Cl)CBr,68.4,0,0,1,0.2,2.2129,24.594,177.9,22.2375,28,3,24,22,4.3125,1.375
FC(Cl)Cl,8.9,0,0,0,0,1.7171,16.602,101.944,20.3888,9,0,12,9,3.11111,1
CS(Cl)(=O)=O,162,2,0,0,0,0.1848,20.6968,113.954,14.2443,16,0,20,16,4.0625,1
CC[Si](F)(CC)CC,110,0,0,3,0.428571,2.9611,38.305,134.093,5.83012,64,9,32,34,4.8125,2.125
FCCCCCCl,143.2,0,0,4,0.666667,2.365,30.546,124.046,7.29679,56,4,22,20,3.25,2
CC(CCl)CCCl,168.5,0,0,3,0.5,2.4902,35.221,140.016,8.23623,50,5,24,23,3.86111,1.91667
FC(F)(Br)C(F)(Cl)C=C,99.5,0,0,2,0.25,3.0647,33.763,221.906,18.4922,82,12,42,46,6.375,1.9375
FC(F)(F)CS,34.5,1,1,0,0,1.4785,19.908,115.991,12.8879,28,3,24,22,4.3125,1.375
CC(O)C(F)(F)C(F)(F)F,84,1,1,1,0.111111,1.5648,22.6828,164.026,10.9351,108,15,48,54,7.23611,2.0625
C\C=C(/Cl)CCl,130.5,0,0,1,0.2,2.3678,30.33,123.985,10.3321,31,4,20,19,3.61111,1.66667
FC(F)(F)C(F)(F)C(F)(F)C(F)(F)C(F)(F)F,29.2,0,0,2,0.125,4.0169,26.951,287.981,16.94,436,36,92,112,12.3125,3.25
CC(=O)OC1=C(Cl)C=C(Cl)C=C1,244.5,2,0,1,0.0833333,2.9187,47.771,203.974,11.3319,202,14,56,61,5.44444,2.69444
ClC1=CC=CC(Cl)=C1Cl,218.5,0,0,0,0,3.6468,41.472,179.93,14.9942,82,11,42,47,4.08333,2.05556
ClC(=O)OCC=C,109.5,2,0,2,0.333333,1.5478,27.398,119.998,9.99982,52,4,24,22,3.86111,1.83333
FC(F)=C(Cl)Cl,19,0,0,0,0,2.5296,20.948,131.935,21.9891,29,4,22,21,4.22222,1.44444
ClCCCCBr,175,0,0,3,0.6,2.4003,33.748,169.95,12.1393,35,3,18,16,3,1.75
CC(C)(Cl)Br,95,0,0,0,0,2.3562,28.859,155.934,14.1758,16,0,20,16,4.0625,1
Cl[SiH](Cl)C1=CC=CC=C1,181,0,0,1,0.111111,1.5917,44.931,175.962,11.7308,88,9,40,43,3.47222,2.11111
COCC(Cl)=O,112.5,2,0,2,0.4,0.3982,22.736,107.998,9.81798,32,3,20,18,3.61111,1.58333
CC1=CC(=CC=C1)C(Cl)=O,219.5,1,0,1,0.1,2.37402,41.3625,154.019,9.05991,117,11,46,50,4.33333,2.27778
CC(F)(Cl)Cl,32,0,0,0,0,2.1072,21.219,115.96,14.4949,16,0,20,16,4.0625,1
ClCCCC(Cl)=O,173.5,1,0,3,0.5,1.7708,30.814,139.98,10.7677,52,4,24,22,3.86111,1.83333
FC1=C(F)C(F)(F)C1(F)F,5.5,0,0,0,0,2.4212,19.136,161.99,16.199,103,15,56,71,6.34722,2.00694
CC(O)CCl,127,1,1,1,0.25,0.606,22.4008,94.0185,7.83488,18,2,16,14,3.36111,1.33333
CCCCC[Si](Cl)(Cl)Cl,172,0,0,4,0.5,3.8319,47.645,203.97,10.1985,104,6,36,34,5.0625,2.125
ClC(Cl)C(Cl)(Cl)C(Cl)(Cl)Cl,247.5,0,0,1,0.111111,4.3342,50.221,281.79,25.6173,108,15,48,54,7.23611,2.0625
OCC1=CC(F)=CC=C1,201,1,1,1,0.111111,1.318,32.3228,126.048,7.87801,88,9,40,43,3.47222,2.16667
FCOC(C(F)(F)F)C(F)(F)F,58.5,1,0,2,0.181818,2.4232,22.958,200.007,13.3338,188,15,56,60,7.73611,2.58333
CC(Cl)CCCl,134,0,0,2,0.4,2.2426,30.652,126,9.00002,32,3,20,18,3.61111,1.58333
C[SiH](Cl)Cl,41,0,0,0,0,1.3143,24.719,113.946,14.2432,9,0,12,9,3.11111,1
ClCCC[Si](Cl)(Cl)Cl,181.5,0,0,3,0.428571,3.2706,43.457,209.899,14.9928,71,5,32,30,4.8125,1.875
FC(F)C(Br)Br,92.5,0,0,1,0.2,2.3674,27.646,221.849,27.7311,29,4,22,21,4.22222,1.44444
OC(=O)C1=C(F)C(F)=C(F)C(F)=C1F,220,1,1,1,0.0714286,2.0803,33.1913,211.99,14.1326,268,25,70,84,7.77778,3.11111
NC1=CC(Cl)=C(F)C=C1,227.5,1,1,0,0,2.0613,35.8224,145.009,10.3578,84,10,42,46,4.08333,2.02778
CCOC(=O)C(F)(F)C(F)(F)C(F)(F)F,95,2,0,3,0.214286,2.3824,32.582,242.018,12.1009,338,27,74,87,9.79861,3.20833
ClSC(Cl)(Cl)Cl,147.5,1,0,0,0,3.2011,33.734,183.847,30.6412,28,3,24,22,4.3125,1.375
ClC1=C(Cl)C(Br)=CC=C1,245,0,0,0,0,3.7559,44.162,223.88,18.6566,82,11,42,47,4.08333,2.05556
CC1=CC=C(F)C=C1,116.6,0,0,0,0,2.13412,31.137,110.053,7.33688,62,7,36,38,3.22222,1.83333
C[Si](C)(C)CCCCl,151,0,0,3,0.428571,2.9535,43.49,150.063,6.52448,71,5,32,30,4.8125,1.875
FC(F)F,-82.1,0,0,0,0,1.1785,7.112,70.003,14.0006,9,0,12,9,3.11111,1
OC(=O)C(F)(F)C(F)F,134,1,1,2,0.25,0.9714,18.5868,145.999,13.2726,84,12,40,44,6.28472,2
ClCCCC#N,192,1,0,2,0.4,1.52898,25.567,103.019,8.58491,35,3,18,16,3,1.75
ClC1=CC=CC=C1C1=CC=CC=C1,274,0,0,1,0.0714286,4.007,56.888,188.039,8.54724,240,17,64,73,3.58333,2.97222
CC(C)OC(=O)C(C)Cl,151.5,2,0,2,0.25,1.5653,36.543,150.045,7.50224,96,8,36,36,5.58333,2.11111
CCCC(Cl)=O,102,1,0,2,0.4,1.5519,25.768,106.019,8.15527,32,3,20,18,3.61111,1.58333
CC(Cl)C(Cl)CCl,168,0,0,2,0.333333,2.4599,35.676,159.961,11.4258,46,6,26,26,4.47222,1.77778
COC1=CC=C(F)C=C1,157,1,0,1,0.111111,1.8343,32.952,126.048,7.87801,90,9,40,43,3.47222,2.16667
ClC1C=CC2C1C1(Cl)C(Cl)=C(Cl)C2(Cl)C1(Cl)Cl,310,0,0,0,0,5.2415,76.098,369.821,16.81,388,42,108,148,8.24306,3.375
FC(F)C(F)Cl,17,0,0,1,0.2,1.7859,16.753,117.98,14.7475,29,4,22,21,4.22222,1.44444
OCC(F)(F)C(F)(F)C(F)(F)C(F)(F)C(F)(F)C(F)(F)C(F)(F)F,161,1,1,6,0.26087,4.3528,42.8228,399.994,14.8146,1117,57,132,166,16.6875,4.75
FC1=CC=C(I)C=C1,183,0,0,0,0,2.4303,39.117,221.934,18.4945,62,7,36,38,3.22222,1.83333
ClC(Cl)(Cl)N(=O)=O,112.4,2,0,0,0,1.5908,27.2844,162.899,23.2714,42,6,30,30,5.17361,1.5
ClCC1=CC=C(Cl)C=C1Cl,248,0,0,1,0.1,3.7322,46.019,193.946,12.9297,116,12,46,51,4.33333,2.36111
COC1=CC=C(CCl)C=C1,262.5,1,0,2,0.2,2.434,42.551,156.034,8.21233,125,11,44,48,3.72222,2.5
ClCC1=CC=C(Cl)C(Cl)=C1,241,0,0,1,0.1,3.7322,46.019,193.946,12.9297,117,12,46,51,4.33333,2.36111
ClC1=CC=C(Br)C=C1Cl,237,0,0,0,0,3.7559,44.162,223.88,18.6566,84,10,42,46,4.08333,2.02778
FCI,53.4,0,0,0,0,1.3484,19.995,159.919,31.9837,4,0,6,4,2.25,1
C[Si](C)(Cl)O[Si](C)(C)Cl,138,1,0,2,0.25,2.8842,47.755,201.98,9.61811,88,6,42,40,6.375,1.75
NC1=C(F)C(F)=C(C(F)=C1F)C(F)(F)F,186,1,1,0,0,2.844,35.6884,233.008,13.7063,318,27,78,93,8.72917,3.16667
ClCC(=O)C1=CC=C(Cl)C=C1,270,1,0,2,0.181818,2.7615,46.5025,187.98,11.0576,160,13,50,55,4.58333,2.61111
C\C=C(/C)CCl,110,0,0,1,0.2,2.1914,30.151,104.039,6.93595,31,4,20,19,3.61111,1.66667
FC1=C(F)C=CC=C1,94,0,0,0,0,1.9648,26.358,114.028,9.50234,60,8,36,39,3.22222,1.86111
CCOC(=O)C(F)(F)F,61,2,0,1,0.125,1.1118,22.688,142.024,10.1446,92,9,38,39,5.67361,2.08333
NC1=CC=C(Cl)C(Cl)=C1,272,1,1,0,0,2.5756,40.8744,160.98,11.4986,84,10,42,46,4.08333,2.02778
CC1=C(Cl)C=CC(N)=C1,241,1,1,0,0,2.23062,40.6014,141.035,8.29615,84,10,42,46,4.08333,2.02778
ClC1=CC=CC(C=O)=C1,213.5,1,0,1,0.111111,2.1525,36.8395,140.003,10.0002,88,9,40,43,3.47222,2.16667
CC(Cl)OC(C)Cl,116.5,1,0,2,0.333333,2.1726,31.715,141.995,9.46635,48,4,26,24,4.47222,1.66667
FC(F)(I)C(F)(F)I,112,0,0,1,0.142857,3.042,37.934,353.803,44.2253,58,9,38,40,6.125,1.5625
ClC1=CC=CC=C1Br,204,0,0,0,0,3.1025,39.152,189.918,15.8265,60,8,36,39,3.22222,1.86111
